Mon Jan 21 2025 00:00:00 GMT-0800 (Pacific Standard Time) -> (0)
Mon Jan 21 2025 00:00:00 GMT-0800 (Pacific Standard Time) -> (1)
Mon Jan 21 2025 00:00:00 GMT-0800 (Pacific Standard Time) -> (2)
Mon Jan 21 2025 00:00:00 GMT-0800 (Pacific Standard Time) -> (3)
Tue Jan 22 2025 00:00:00 GMT-0800 (Pacific Standard Time) -> (0)
Tue Jan 22 2025 00:00:00 GMT-0800 (Pacific Standard Time) -> (1)
Tue Jan 22 2025 00:00:00 GMT-0800 (Pacific Standard Time) -> (2)
Tue Jan 22 2025 00:00:00 GMT-0800 (Pacific Standard Time) -> (3)
Wed Jan 23 2025 00:00:00 GMT-0800 (Pacific Standard Time) -> (0)
Wed Jan 23 2025 00:00:00 GMT-0800 (Pacific Standard Time) -> (1)
Wed Jan 23 2025 00:00:00 GMT-0800 (Pacific Standard Time) -> (2)
Wed Jan 23 2025 00:00:00 GMT-0800 (Pacific Standard Time) -> (3)
Wed Jan 30 2025 00:00:00 GMT-0800 (Pacific Standard Time) -> (0)
Wed Jan 30 2025 00:00:00 GMT-0800 (Pacific Standard Time) -> (1)
Wed Jan 30 2025 00:00:00 GMT-0800 (Pacific Standard Time) -> (2)
Wed Jan 30 2025 00:00:00 GMT-0800 (Pacific Standard Time) -> (3)
Thu Jan 31 2025 00:00:00 GMT-0800 (Pacific Standard Time) -> (0)
Thu Jan 31 2025 00:00:00 GMT-0800 (Pacific Standard Time) -> (1)
Thu Jan 31 2025 00:00:00 GMT-0800 (Pacific Standard Time) -> (2)
Thu Jan 31 2025 00:00:00 GMT-0800 (Pacific Standard Time) -> (3)
Fri Feb 08 2025 00:00:00 GMT-0800 (Pacific Standard Time) -> (0)
Fri Feb 08 2025 00:00:00 GMT-0800 (Pacific Standard Time) -> (1)
Fri Feb 08 2025 00:00:00 GMT-0800 (Pacific Standard Time) -> (2)
Fri Feb 08 2025 00:00:00 GMT-0800 (Pacific Standard Time) -> (3)
Sat Feb 09 2025 00:00:00 GMT-0800 (Pacific Standard Time) -> (0)
Sat Feb 09 2025 00:00:00 GMT-0800 (Pacific Standard Time) -> (1)
Sat Feb 09 2025 00:00:00 GMT-0800 (Pacific Standard Time) -> (2)
Sat Feb 09 2025 00:00:00 GMT-0800 (Pacific Standard Time) -> (3)
Fri Feb 15 2025 00:00:00 GMT-0800 (Pacific Standard Time) -> (0)
Fri Feb 15 2025 00:00:00 GMT-0800 (Pacific Standard Time) -> (1)
Fri Feb 15 2025 00:00:00 GMT-0800 (Pacific Standard Time) -> (2)
Fri Feb 15 2025 00:00:00 GMT-0800 (Pacific Standard Time) -> (3)
Sat Feb 16 2025 00:00:00 GMT-0800 (Pacific Standard Time) -> (0)
Sat Feb 16 2025 00:00:00 GMT-0800 (Pacific Standard Time) -> (1)
Sat Feb 16 2025 00:00:00 GMT-0800 (Pacific Standard Time) -> (2)
Sat Feb 16 2025 00:00:00 GMT-0800 (Pacific Standard Time) -> (3)
Tue Feb 19 2025 00:00:00 GMT-0800 (Pacific Standard Time) -> (0)
Tue Feb 19 2025 00:00:00 GMT-0800 (Pacific Standard Time) -> (1)
Tue Feb 19 2025 00:00:00 GMT-0800 (Pacific Standard Time) -> (2)
Tue Feb 19 2025 00:00:00 GMT-0800 (Pacific Standard Time) -> (3)
Wed Feb 20 2025 00:00:00 GMT-0800 (Pacific Standard Time) -> (0)
Wed Feb 20 2025 00:00:00 GMT-0800 (Pacific Standard Time) -> (1)
Wed Feb 20 2025 00:00:00 GMT-0800 (Pacific Standard Time) -> (2)
Wed Feb 20 2025 00:00:00 GMT-0800 (Pacific Standard Time) -> (3)
Thu Feb 21 2025 00:00:00 GMT-0800 (Pacific Standard Time) -> (0)
Thu Feb 21 2025 00:00:00 GMT-0800 (Pacific Standard Time) -> (1)
Thu Feb 21 2025 00:00:00 GMT-0800 (Pacific Standard Time) -> (2)
Thu Feb 21 2025 00:00:00 GMT-0800 (Pacific Standard Time) -> (3)
Mon Feb 25 2025 00:00:00 GMT-0800 (Pacific Standard Time) -> (0)
Mon Feb 25 2025 00:00:00 GMT-0800 (Pacific Standard Time) -> (1)
Mon Feb 25 2025 00:00:00 GMT-0800 (Pacific Standard Time) -> (2)
Mon Feb 25 2025 00:00:00 GMT-0800 (Pacific Standard Time) -> (3)
Tue Feb 26 2025 00:00:00 GMT-0800 (Pacific Standard Time) -> (0)
Tue Feb 26 2025 00:00:00 GMT-0800 (Pacific Standard Time) -> (1)
Tue Feb 26 2025 00:00:00 GMT-0800 (Pacific Standard Time) -> (2)
Tue Feb 26 2025 00:00:00 GMT-0800 (Pacific Standard Time) -> (3)
Fri Mar 22 2025 00:00:00 GMT-0700 (Pacific Daylight Time) -> (0)
Fri Mar 22 2025 00:00:00 GMT-0700 (Pacific Daylight Time) -> (1)
Fri Mar 22 2025 00:00:00 GMT-0700 (Pacific Daylight Time) -> (2)
Fri Mar 22 2025 00:00:00 GMT-0700 (Pacific Daylight Time) -> (3)
Sat Mar 23 2025 00:00:00 GMT-0700 (Pacific Daylight Time) -> (0)
Sat Mar 23 2025 00:00:00 GMT-0700 (Pacific Daylight Time) -> (1)
Sat Mar 23 2025 00:00:00 GMT-0700 (Pacific Daylight Time) -> (2)
Sat Mar 23 2025 00:00:00 GMT-0700 (Pacific Daylight Time) -> (3)
Wed Mar 27 2025 00:00:00 GMT-0700 (Pacific Daylight Time) -> (0)
Wed Mar 27 2025 00:00:00 GMT-0700 (Pacific Daylight Time) -> (1)
Wed Mar 27 2025 00:00:00 GMT-0700 (Pacific Daylight Time) -> (2)
Wed Mar 27 2025 00:00:00 GMT-0700 (Pacific Daylight Time) -> (3)
Thu Mar 28 2025 00:00:00 GMT-0700 (Pacific Daylight Time) -> (0)
Thu Mar 28 2025 00:00:00 GMT-0700 (Pacific Daylight Time) -> (1)
Thu Mar 28 2025 00:00:00 GMT-0700 (Pacific Daylight Time) -> (2)
Thu Mar 28 2025 00:00:00 GMT-0700 (Pacific Daylight Time) -> (3)
Fri Mar 29 2025 00:00:00 GMT-0700 (Pacific Daylight Time) -> (0)
Fri Mar 29 2025 00:00:00 GMT-0700 (Pacific Daylight Time) -> (1)
Fri Mar 29 2025 00:00:00 GMT-0700 (Pacific Daylight Time) -> (2)
Fri Mar 29 2025 00:00:00 GMT-0700 (Pacific Daylight Time) -> (3)
Tue Apr 02 2025 00:00:00 GMT-0700 (Pacific Daylight Time) -> (0)
Tue Apr 02 2025 00:00:00 GMT-0700 (Pacific Daylight Time) -> (1)
Tue Apr 02 2025 00:00:00 GMT-0700 (Pacific Daylight Time) -> (2)
Tue Apr 02 2025 00:00:00 GMT-0700 (Pacific Daylight Time) -> (3)
Wed Apr 03 2025 00:00:00 GMT-0700 (Pacific Daylight Time) -> (0)
Wed Apr 03 2025 00:00:00 GMT-0700 (Pacific Daylight Time) -> (1)
Wed Apr 03 2025 00:00:00 GMT-0700 (Pacific Daylight Time) -> (2)
Wed Apr 03 2025 00:00:00 GMT-0700 (Pacific Daylight Time) -> (3)
Thu Apr 04 2025 00:00:00 GMT-0700 (Pacific Daylight Time) -> (0)
Thu Apr 04 2025 00:00:00 GMT-0700 (Pacific Daylight Time) -> (1)
Thu Apr 04 2025 00:00:00 GMT-0700 (Pacific Daylight Time) -> (2)
Thu Apr 04 2025 00:00:00 GMT-0700 (Pacific Daylight Time) -> (3)
Mon Apr 08 2025 00:00:00 GMT-0700 (Pacific Daylight Time) -> (0)
Mon Apr 08 2025 00:00:00 GMT-0700 (Pacific Daylight Time) -> (1)
Mon Apr 08 2025 00:00:00 GMT-0700 (Pacific Daylight Time) -> (2)
Mon Apr 08 2025 00:00:00 GMT-0700 (Pacific Daylight Time) -> (3)
Tue Apr 09 2025 00:00:00 GMT-0700 (Pacific Daylight Time) -> (0)
Tue Apr 09 2025 00:00:00 GMT-0700 (Pacific Daylight Time) -> (1)
Tue Apr 09 2025 00:00:00 GMT-0700 (Pacific Daylight Time) -> (2)
Tue Apr 09 2025 00:00:00 GMT-0700 (Pacific Daylight Time) -> (3)
Thu Apr 11 2025 00:00:00 GMT-0700 (Pacific Daylight Time) -> (0)
Thu Apr 11 2025 00:00:00 GMT-0700 (Pacific Daylight Time) -> (1)
Thu Apr 11 2025 00:00:00 GMT-0700 (Pacific Daylight Time) -> (2)
Thu Apr 11 2025 00:00:00 GMT-0700 (Pacific Daylight Time) -> (3)
Tue Apr 16 2025 00:00:00 GMT-0700 (Pacific Daylight Time) -> (0)
Tue Apr 16 2025 00:00:00 GMT-0700 (Pacific Daylight Time) -> (1)
Tue Apr 16 2025 00:00:00 GMT-0700 (Pacific Daylight Time) -> (2)
Tue Apr 16 2025 00:00:00 GMT-0700 (Pacific Daylight Time) -> (3)
Thu Apr 18 2025 00:00:00 GMT-0700 (Pacific Daylight Time) -> (0)
Thu Apr 18 2025 00:00:00 GMT-0700 (Pacific Daylight Time) -> (1)
Thu Apr 18 2025 00:00:00 GMT-0700 (Pacific Daylight Time) -> (2)
Thu Apr 18 2025 00:00:00 GMT-0700 (Pacific Daylight Time) -> (3)
Tue Apr 23 2025 00:00:00 GMT-0700 (Pacific Daylight Time) -> (0)
Tue Apr 23 2025 00:00:00 GMT-0700 (Pacific Daylight Time) -> (1)
Tue Apr 23 2025 00:00:00 GMT-0700 (Pacific Daylight Time) -> (2)
Tue Apr 23 2025 00:00:00 GMT-0700 (Pacific Daylight Time) -> (3)
Wed Apr 24 2025 00:00:00 GMT-0700 (Pacific Daylight Time) -> (0)
Wed Apr 24 2025 00:00:00 GMT-0700 (Pacific Daylight Time) -> (1)
Wed Apr 24 2025 00:00:00 GMT-0700 (Pacific Daylight Time) -> (2)
Wed Apr 24 2025 00:00:00 GMT-0700 (Pacific Daylight Time) -> (3)
Thu Apr 25 2025 00:00:00 GMT-0700 (Pacific Daylight Time) -> (0)
Thu Apr 25 2025 00:00:00 GMT-0700 (Pacific Daylight Time) -> (1)
Thu Apr 25 2025 00:00:00 GMT-0700 (Pacific Daylight Time) -> (2)
Thu Apr 25 2025 00:00:00 GMT-0700 (Pacific Daylight Time) -> (3)
Wed May 01 2025 00:00:00 GMT-0700 (Pacific Daylight Time) -> (0)
Wed May 01 2025 00:00:00 GMT-0700 (Pacific Daylight Time) -> (1)
Wed May 01 2025 00:00:00 GMT-0700 (Pacific Daylight Time) -> (2)
Wed May 01 2025 00:00:00 GMT-0700 (Pacific Daylight Time) -> (3)
Thu May 02 2025 00:00:00 GMT-0700 (Pacific Daylight Time) -> (0)
Thu May 02 2025 00:00:00 GMT-0700 (Pacific Daylight Time) -> (1)
Thu May 02 2025 00:00:00 GMT-0700 (Pacific Daylight Time) -> (2)
Thu May 02 2025 00:00:00 GMT-0700 (Pacific Daylight Time) -> (3)
Fri May 03 2025 00:00:00 GMT-0700 (Pacific Daylight Time) -> (0)
Fri May 03 2025 00:00:00 GMT-0700 (Pacific Daylight Time) -> (1)
Fri May 03 2025 00:00:00 GMT-0700 (Pacific Daylight Time) -> (2)
Fri May 03 2025 00:00:00 GMT-0700 (Pacific Daylight Time) -> (3)
Thu May 09 2025 00:00:00 GMT-0700 (Pacific Daylight Time) -> (0)
Thu May 09 2025 00:00:00 GMT-0700 (Pacific Daylight Time) -> (1)
Thu May 09 2025 00:00:00 GMT-0700 (Pacific Daylight Time) -> (2)
Thu May 09 2025 00:00:00 GMT-0700 (Pacific Daylight Time) -> (3)
Fri May 10 2025 00:00:00 GMT-0700 (Pacific Daylight Time) -> (0)
Fri May 10 2025 00:00:00 GMT-0700 (Pacific Daylight Time) -> (1)
Fri May 10 2025 00:00:00 GMT-0700 (Pacific Daylight Time) -> (2)
Fri May 10 2025 00:00:00 GMT-0700 (Pacific Daylight Time) -> (3)
Fri May 17 2025 00:00:00 GMT-0700 (Pacific Daylight Time) -> (0)
Fri May 17 2025 00:00:00 GMT-0700 (Pacific Daylight Time) -> (1)
Fri May 17 2025 00:00:00 GMT-0700 (Pacific Daylight Time) -> (2)
Fri May 17 2025 00:00:00 GMT-0700 (Pacific Daylight Time) -> (3)
Sat May 18 2025 00:00:00 GMT-0700 (Pacific Daylight Time) -> (0)
Sat May 18 2025 00:00:00 GMT-0700 (Pacific Daylight Time) -> (1)
Sat May 18 2025 00:00:00 GMT-0700 (Pacific Daylight Time) -> (2)
Sat May 18 2025 00:00:00 GMT-0700 (Pacific Daylight Time) -> (3)
Mon Jun 03 2025 00:00:00 GMT-0700 (Pacific Daylight Time) -> (0)
Mon Jun 03 2025 00:00:00 GMT-0700 (Pacific Daylight Time) -> (1)
Mon Jun 03 2025 00:00:00 GMT-0700 (Pacific Daylight Time) -> (2)
Mon Jun 03 2025 00:00:00 GMT-0700 (Pacific Daylight Time) -> (3)
Tue Jun 04 2025 00:00:00 GMT-0700 (Pacific Daylight Time) -> (0)
Tue Jun 04 2025 00:00:00 GMT-0700 (Pacific Daylight Time) -> (1)
Tue Jun 04 2025 00:00:00 GMT-0700 (Pacific Daylight Time) -> (2)
Tue Jun 04 2025 00:00:00 GMT-0700 (Pacific Daylight Time) -> (3)
Wed Jun 05 2025 00:00:00 GMT-0700 (Pacific Daylight Time) -> (0)
Wed Jun 05 2025 00:00:00 GMT-0700 (Pacific Daylight Time) -> (1)
Wed Jun 05 2025 00:00:00 GMT-0700 (Pacific Daylight Time) -> (2)
Wed Jun 05 2025 00:00:00 GMT-0700 (Pacific Daylight Time) -> (3)
Thu Jun 06 2025 00:00:00 GMT-0700 (Pacific Daylight Time) -> (0)
Thu Jun 06 2025 00:00:00 GMT-0700 (Pacific Daylight Time) -> (1)
Thu Jun 06 2025 00:00:00 GMT-0700 (Pacific Daylight Time) -> (2)
Thu Jun 06 2025 00:00:00 GMT-0700 (Pacific Daylight Time) -> (3)
Fri Jun 07 2025 00:00:00 GMT-0700 (Pacific Daylight Time) -> (0)
Fri Jun 07 2025 00:00:00 GMT-0700 (Pacific Daylight Time) -> (1)
Fri Jun 07 2025 00:00:00 GMT-0700 (Pacific Daylight Time) -> (2)
Fri Jun 07 2025 00:00:00 GMT-0700 (Pacific Daylight Time) -> (3)
Sat Jun 08 2025 00:00:00 GMT-0700 (Pacific Daylight Time) -> (0)
Sat Jun 08 2025 00:00:00 GMT-0700 (Pacific Daylight Time) -> (1)
Sat Jun 08 2025 00:00:00 GMT-0700 (Pacific Daylight Time) -> (2)
Sat Jun 08 2025 00:00:00 GMT-0700 (Pacific Daylight Time) -> (3)
Sat Jun 15 2025 00:00:00 GMT-0700 (Pacific Daylight Time) -> (0)
Sat Jun 15 2025 00:00:00 GMT-0700 (Pacific Daylight Time) -> (1)
Sat Jun 15 2025 00:00:00 GMT-0700 (Pacific Daylight Time) -> (2)
Sat Jun 15 2025 00:00:00 GMT-0700 (Pacific Daylight Time) -> (3)
Sat Jun 22 2025 00:00:00 GMT-0700 (Pacific Daylight Time) -> (0)
Sat Jun 22 2025 00:00:00 GMT-0700 (Pacific Daylight Time) -> (1)
Sat Jun 22 2025 00:00:00 GMT-0700 (Pacific Daylight Time) -> (2)
Sat Jun 22 2025 00:00:00 GMT-0700 (Pacific Daylight Time) -> (3)
Sat Jun 29 2025 00:00:00 GMT-0700 (Pacific Daylight Time) -> (0)
Sat Jun 29 2025 00:00:00 GMT-0700 (Pacific Daylight Time) -> (1)
Sat Jun 29 2025 00:00:00 GMT-0700 (Pacific Daylight Time) -> (2)
Sat Jun 29 2025 00:00:00 GMT-0700 (Pacific Daylight Time) -> (3)
Mon Jul 15 2025 00:00:00 GMT-0700 (Pacific Daylight Time) -> (0)
Mon Jul 15 2025 00:00:00 GMT-0700 (Pacific Daylight Time) -> (1)
Mon Jul 15 2025 00:00:00 GMT-0700 (Pacific Daylight Time) -> (2)
Mon Jul 15 2025 00:00:00 GMT-0700 (Pacific Daylight Time) -> (3)
Tue Jul 16 2025 00:00:00 GMT-0700 (Pacific Daylight Time) -> (0)
Tue Jul 16 2025 00:00:00 GMT-0700 (Pacific Daylight Time) -> (1)
Tue Jul 16 2025 00:00:00 GMT-0700 (Pacific Daylight Time) -> (2)
Tue Jul 16 2025 00:00:00 GMT-0700 (Pacific Daylight Time) -> (3)
Wed Jul 17 2025 00:00:00 GMT-0700 (Pacific Daylight Time) -> (0)
Wed Jul 17 2025 00:00:00 GMT-0700 (Pacific Daylight Time) -> (1)
Wed Jul 17 2025 00:00:00 GMT-0700 (Pacific Daylight Time) -> (2)
Wed Jul 17 2025 00:00:00 GMT-0700 (Pacific Daylight Time) -> (3)
Thu Jul 18 2025 00:00:00 GMT-0700 (Pacific Daylight Time) -> (0)
Thu Jul 18 2025 00:00:00 GMT-0700 (Pacific Daylight Time) -> (1)
Thu Jul 18 2025 00:00:00 GMT-0700 (Pacific Daylight Time) -> (2)
Thu Jul 18 2025 00:00:00 GMT-0700 (Pacific Daylight Time) -> (3)
Fri Jul 19 2025 00:00:00 GMT-0700 (Pacific Daylight Time) -> (0)
Fri Jul 19 2025 00:00:00 GMT-0700 (Pacific Daylight Time) -> (1)
Fri Jul 19 2025 00:00:00 GMT-0700 (Pacific Daylight Time) -> (2)
Fri Jul 19 2025 00:00:00 GMT-0700 (Pacific Daylight Time) -> (3)
Sat Jul 20 2025 00:00:00 GMT-0700 (Pacific Daylight Time) -> (0)
Sat Jul 20 2025 00:00:00 GMT-0700 (Pacific Daylight Time) -> (1)
Sat Jul 20 2025 00:00:00 GMT-0700 (Pacific Daylight Time) -> (2)
Sat Jul 20 2025 00:00:00 GMT-0700 (Pacific Daylight Time) -> (3)
Mon Jul 22 2025 00:00:00 GMT-0700 (Pacific Daylight Time) -> (0)
Mon Jul 22 2025 00:00:00 GMT-0700 (Pacific Daylight Time) -> (1)
Mon Jul 22 2025 00:00:00 GMT-0700 (Pacific Daylight Time) -> (2)
Mon Jul 22 2025 00:00:00 GMT-0700 (Pacific Daylight Time) -> (3)
Thu Jul 25 2025 00:00:00 GMT-0700 (Pacific Daylight Time) -> (0)
Thu Jul 25 2025 00:00:00 GMT-0700 (Pacific Daylight Time) -> (1)
Thu Jul 25 2025 00:00:00 GMT-0700 (Pacific Daylight Time) -> (2)
Thu Jul 25 2025 00:00:00 GMT-0700 (Pacific Daylight Time) -> (3)
Sat Jul 27 2025 00:00:00 GMT-0700 (Pacific Daylight Time) -> (0)
Sat Jul 27 2025 00:00:00 GMT-0700 (Pacific Daylight Time) -> (1)
Sat Jul 27 2025 00:00:00 GMT-0700 (Pacific Daylight Time) -> (2)
Sat Jul 27 2025 00:00:00 GMT-0700 (Pacific Daylight Time) -> (3)
Mon Jul 29 2025 00:00:00 GMT-0700 (Pacific Daylight Time) -> (0)
Mon Jul 29 2025 00:00:00 GMT-0700 (Pacific Daylight Time) -> (1)
Mon Jul 29 2025 00:00:00 GMT-0700 (Pacific Daylight Time) -> (2)
Mon Jul 29 2025 00:00:00 GMT-0700 (Pacific Daylight Time) -> (3)
Thu Aug 01 2025 00:00:00 GMT-0700 (Pacific Daylight Time) -> (0)
Thu Aug 01 2025 00:00:00 GMT-0700 (Pacific Daylight Time) -> (1)
Thu Aug 01 2025 00:00:00 GMT-0700 (Pacific Daylight Time) -> (2)
Thu Aug 01 2025 00:00:00 GMT-0700 (Pacific Daylight Time) -> (3)
Sat Aug 03 2025 00:00:00 GMT-0700 (Pacific Daylight Time) -> (0)
Sat Aug 03 2025 00:00:00 GMT-0700 (Pacific Daylight Time) -> (1)
Sat Aug 03 2025 00:00:00 GMT-0700 (Pacific Daylight Time) -> (2)
Sat Aug 03 2025 00:00:00 GMT-0700 (Pacific Daylight Time) -> (3)
Mon Aug 05 2025 00:00:00 GMT-0700 (Pacific Daylight Time) -> (0)
Mon Aug 05 2025 00:00:00 GMT-0700 (Pacific Daylight Time) -> (1)
Mon Aug 05 2025 00:00:00 GMT-0700 (Pacific Daylight Time) -> (2)
Mon Aug 05 2025 00:00:00 GMT-0700 (Pacific Daylight Time) -> (3)
Sat Aug 10 2025 00:00:00 GMT-0700 (Pacific Daylight Time) -> (0)
Sat Aug 10 2025 00:00:00 GMT-0700 (Pacific Daylight Time) -> (1)
Sat Aug 10 2025 00:00:00 GMT-0700 (Pacific Daylight Time) -> (2)
Sat Aug 10 2025 00:00:00 GMT-0700 (Pacific Daylight Time) -> (3)
Mon Sep 02 2025 00:00:00 GMT-0700 (Pacific Daylight Time) -> (0)
Mon Sep 02 2025 00:00:00 GMT-0700 (Pacific Daylight Time) -> (1)
Mon Sep 02 2025 00:00:00 GMT-0700 (Pacific Daylight Time) -> (2)
Mon Sep 02 2025 00:00:00 GMT-0700 (Pacific Daylight Time) -> (3)
Tue Sep 03 2025 00:00:00 GMT-0700 (Pacific Daylight Time) -> (0)
Tue Sep 03 2025 00:00:00 GMT-0700 (Pacific Daylight Time) -> (1)
Tue Sep 03 2025 00:00:00 GMT-0700 (Pacific Daylight Time) -> (2)
Tue Sep 03 2025 00:00:00 GMT-0700 (Pacific Daylight Time) -> (3)
Wed Sep 04 2025 00:00:00 GMT-0700 (Pacific Daylight Time) -> (0)
Wed Sep 04 2025 00:00:00 GMT-0700 (Pacific Daylight Time) -> (1)
Wed Sep 04 2025 00:00:00 GMT-0700 (Pacific Daylight Time) -> (2)
Wed Sep 04 2025 00:00:00 GMT-0700 (Pacific Daylight Time) -> (3)
Thu Sep 05 2025 00:00:00 GMT-0700 (Pacific Daylight Time) -> (0)
Thu Sep 05 2025 00:00:00 GMT-0700 (Pacific Daylight Time) -> (1)
Thu Sep 05 2025 00:00:00 GMT-0700 (Pacific Daylight Time) -> (2)
Thu Sep 05 2025 00:00:00 GMT-0700 (Pacific Daylight Time) -> (3)
Fri Sep 06 2025 00:00:00 GMT-0700 (Pacific Daylight Time) -> (0)
Fri Sep 06 2025 00:00:00 GMT-0700 (Pacific Daylight Time) -> (1)
Fri Sep 06 2025 00:00:00 GMT-0700 (Pacific Daylight Time) -> (2)
Fri Sep 06 2025 00:00:00 GMT-0700 (Pacific Daylight Time) -> (3)
Sat Sep 07 2025 00:00:00 GMT-0700 (Pacific Daylight Time) -> (0)
Sat Sep 07 2025 00:00:00 GMT-0700 (Pacific Daylight Time) -> (1)
Sat Sep 07 2025 00:00:00 GMT-0700 (Pacific Daylight Time) -> (2)
Sat Sep 07 2025 00:00:00 GMT-0700 (Pacific Daylight Time) -> (3)
Mon Sep 09 2025 00:00:00 GMT-0700 (Pacific Daylight Time) -> (0)
Mon Sep 09 2025 00:00:00 GMT-0700 (Pacific Daylight Time) -> (1)
Mon Sep 09 2025 00:00:00 GMT-0700 (Pacific Daylight Time) -> (2)
Mon Sep 09 2025 00:00:00 GMT-0700 (Pacific Daylight Time) -> (3)
Tue Sep 10 2025 00:00:00 GMT-0700 (Pacific Daylight Time) -> (0)
Tue Sep 10 2025 00:00:00 GMT-0700 (Pacific Daylight Time) -> (1)
Tue Sep 10 2025 00:00:00 GMT-0700 (Pacific Daylight Time) -> (2)
Tue Sep 10 2025 00:00:00 GMT-0700 (Pacific Daylight Time) -> (3)
Tue Sep 17 2025 00:00:00 GMT-0700 (Pacific Daylight Time) -> (0)
Tue Sep 17 2025 00:00:00 GMT-0700 (Pacific Daylight Time) -> (1)
Tue Sep 17 2025 00:00:00 GMT-0700 (Pacific Daylight Time) -> (2)
Tue Sep 17 2025 00:00:00 GMT-0700 (Pacific Daylight Time) -> (3)
Wed Sep 18 2025 00:00:00 GMT-0700 (Pacific Daylight Time) -> (0)
Wed Sep 18 2025 00:00:00 GMT-0700 (Pacific Daylight Time) -> (1)
Wed Sep 18 2025 00:00:00 GMT-0700 (Pacific Daylight Time) -> (2)
Wed Sep 18 2025 00:00:00 GMT-0700 (Pacific Daylight Time) -> (3)
Wed Sep 25 2025 00:00:00 GMT-0700 (Pacific Daylight Time) -> (0)
Wed Sep 25 2025 00:00:00 GMT-0700 (Pacific Daylight Time) -> (1)
Wed Sep 25 2025 00:00:00 GMT-0700 (Pacific Daylight Time) -> (2)
Wed Sep 25 2025 00:00:00 GMT-0700 (Pacific Daylight Time) -> (3)
Thu Sep 26 2025 00:00:00 GMT-0700 (Pacific Daylight Time) -> (0)
Thu Sep 26 2025 00:00:00 GMT-0700 (Pacific Daylight Time) -> (1)
Thu Sep 26 2025 00:00:00 GMT-0700 (Pacific Daylight Time) -> (2)
Thu Sep 26 2025 00:00:00 GMT-0700 (Pacific Daylight Time) -> (3)
Fri Oct 04 2025 00:00:00 GMT-0700 (Pacific Daylight Time) -> (0)
Fri Oct 04 2025 00:00:00 GMT-0700 (Pacific Daylight Time) -> (1)
Fri Oct 04 2025 00:00:00 GMT-0700 (Pacific Daylight Time) -> (2)
Fri Oct 04 2025 00:00:00 GMT-0700 (Pacific Daylight Time) -> (3)
Sat Oct 05 2025 00:00:00 GMT-0700 (Pacific Daylight Time) -> (0)
Sat Oct 05 2025 00:00:00 GMT-0700 (Pacific Daylight Time) -> (1)
Sat Oct 05 2025 00:00:00 GMT-0700 (Pacific Daylight Time) -> (2)
Sat Oct 05 2025 00:00:00 GMT-0700 (Pacific Daylight Time) -> (3)
Thu Oct 10 2025 00:00:00 GMT-0700 (Pacific Daylight Time) -> (0)
Thu Oct 10 2025 00:00:00 GMT-0700 (Pacific Daylight Time) -> (1)
Thu Oct 10 2025 00:00:00 GMT-0700 (Pacific Daylight Time) -> (2)
Thu Oct 10 2025 00:00:00 GMT-0700 (Pacific Daylight Time) -> (3)
Fri Oct 11 2025 00:00:00 GMT-0700 (Pacific Daylight Time) -> (0)
Fri Oct 11 2025 00:00:00 GMT-0700 (Pacific Daylight Time) -> (1)
Fri Oct 11 2025 00:00:00 GMT-0700 (Pacific Daylight Time) -> (2)
Fri Oct 11 2025 00:00:00 GMT-0700 (Pacific Daylight Time) -> (3)
Sat Oct 12 2025 00:00:00 GMT-0700 (Pacific Daylight Time) -> (0)
Sat Oct 12 2025 00:00:00 GMT-0700 (Pacific Daylight Time) -> (1)
Sat Oct 12 2025 00:00:00 GMT-0700 (Pacific Daylight Time) -> (2)
Sat Oct 12 2025 00:00:00 GMT-0700 (Pacific Daylight Time) -> (3)
Mon Oct 14 2025 00:00:00 GMT-0700 (Pacific Daylight Time) -> (0)
Mon Oct 14 2025 00:00:00 GMT-0700 (Pacific Daylight Time) -> (1)
Mon Oct 14 2025 00:00:00 GMT-0700 (Pacific Daylight Time) -> (2)
Mon Oct 14 2025 00:00:00 GMT-0700 (Pacific Daylight Time) -> (3)
Tue Oct 15 2025 00:00:00 GMT-0700 (Pacific Daylight Time) -> (0)
Tue Oct 15 2025 00:00:00 GMT-0700 (Pacific Daylight Time) -> (1)
Tue Oct 15 2025 00:00:00 GMT-0700 (Pacific Daylight Time) -> (2)
Tue Oct 15 2025 00:00:00 GMT-0700 (Pacific Daylight Time) -> (3)
Wed Oct 16 2025 00:00:00 GMT-0700 (Pacific Daylight Time) -> (0)
Wed Oct 16 2025 00:00:00 GMT-0700 (Pacific Daylight Time) -> (1)
Wed Oct 16 2025 00:00:00 GMT-0700 (Pacific Daylight Time) -> (2)
Wed Oct 16 2025 00:00:00 GMT-0700 (Pacific Daylight Time) -> (3)
Thu Oct 17 2025 00:00:00 GMT-0700 (Pacific Daylight Time) -> (0)
Thu Oct 17 2025 00:00:00 GMT-0700 (Pacific Daylight Time) -> (1)
Thu Oct 17 2025 00:00:00 GMT-0700 (Pacific Daylight Time) -> (2)
Thu Oct 17 2025 00:00:00 GMT-0700 (Pacific Daylight Time) -> (3)
Mon Oct 21 2025 00:00:00 GMT-0700 (Pacific Daylight Time) -> (0)
Mon Oct 21 2025 00:00:00 GMT-0700 (Pacific Daylight Time) -> (1)
Mon Oct 21 2025 00:00:00 GMT-0700 (Pacific Daylight Time) -> (2)
Mon Oct 21 2025 00:00:00 GMT-0700 (Pacific Daylight Time) -> (3)
Mon Nov 18 2025 00:00:00 GMT-0800 (Pacific Standard Time) -> (0)
Mon Nov 18 2025 00:00:00 GMT-0800 (Pacific Standard Time) -> (1)
Mon Nov 18 2025 00:00:00 GMT-0800 (Pacific Standard Time) -> (2)
Mon Nov 18 2025 00:00:00 GMT-0800 (Pacific Standard Time) -> (3)
Tue Nov 19 2025 00:00:00 GMT-0800 (Pacific Standard Time) -> (0)
Tue Nov 19 2025 00:00:00 GMT-0800 (Pacific Standard Time) -> (1)
Tue Nov 19 2025 00:00:00 GMT-0800 (Pacific Standard Time) -> (2)
Tue Nov 19 2025 00:00:00 GMT-0800 (Pacific Standard Time) -> (3)
Wed Nov 20 2025 00:00:00 GMT-0800 (Pacific Standard Time) -> (0)
Wed Nov 20 2025 00:00:00 GMT-0800 (Pacific Standard Time) -> (1)
Wed Nov 20 2025 00:00:00 GMT-0800 (Pacific Standard Time) -> (2)
Wed Nov 20 2025 00:00:00 GMT-0800 (Pacific Standard Time) -> (3)
Thu Nov 21 2025 00:00:00 GMT-0800 (Pacific Standard Time) -> (0)
Thu Nov 21 2025 00:00:00 GMT-0800 (Pacific Standard Time) -> (1)
Thu Nov 21 2025 00:00:00 GMT-0800 (Pacific Standard Time) -> (2)
Thu Nov 21 2025 00:00:00 GMT-0800 (Pacific Standard Time) -> (3)
Fri Nov 22 2025 00:00:00 GMT-0800 (Pacific Standard Time) -> (0)
Fri Nov 22 2025 00:00:00 GMT-0800 (Pacific Standard Time) -> (1)
Fri Nov 22 2025 00:00:00 GMT-0800 (Pacific Standard Time) -> (2)
Fri Nov 22 2025 00:00:00 GMT-0800 (Pacific Standard Time) -> (3)
Sat Nov 23 2025 00:00:00 GMT-0800 (Pacific Standard Time) -> (0)
Sat Nov 23 2025 00:00:00 GMT-0800 (Pacific Standard Time) -> (1)
Sat Nov 23 2025 00:00:00 GMT-0800 (Pacific Standard Time) -> (2)
Sat Nov 23 2025 00:00:00 GMT-0800 (Pacific Standard Time) -> (3)
Mon Nov 25 2025 00:00:00 GMT-0800 (Pacific Standard Time) -> (0)
Mon Nov 25 2025 00:00:00 GMT-0800 (Pacific Standard Time) -> (1)
Mon Nov 25 2025 00:00:00 GMT-0800 (Pacific Standard Time) -> (2)
Mon Nov 25 2025 00:00:00 GMT-0800 (Pacific Standard Time) -> (3)
Thu Nov 28 2025 00:00:00 GMT-0800 (Pacific Standard Time) -> (0)
Thu Nov 28 2025 00:00:00 GMT-0800 (Pacific Standard Time) -> (1)
Thu Nov 28 2025 00:00:00 GMT-0800 (Pacific Standard Time) -> (2)
Thu Nov 28 2025 00:00:00 GMT-0800 (Pacific Standard Time) -> (3)
Mon Dec 02 2025 00:00:00 GMT-0800 (Pacific Standard Time) -> (0)
Mon Dec 02 2025 00:00:00 GMT-0800 (Pacific Standard Time) -> (1)
Mon Dec 02 2025 00:00:00 GMT-0800 (Pacific Standard Time) -> (2)
Mon Dec 02 2025 00:00:00 GMT-0800 (Pacific Standard Time) -> (3)
Thu Dec 05 2025 00:00:00 GMT-0800 (Pacific Standard Time) -> (0)
Thu Dec 05 2025 00:00:00 GMT-0800 (Pacific Standard Time) -> (1)
Thu Dec 05 2025 00:00:00 GMT-0800 (Pacific Standard Time) -> (2)
Thu Dec 05 2025 00:00:00 GMT-0800 (Pacific Standard Time) -> (3)
Sat Dec 07 2025 00:00:00 GMT-0800 (Pacific Standard Time) -> (0)
Sat Dec 07 2025 00:00:00 GMT-0800 (Pacific Standard Time) -> (1)
Sat Dec 07 2025 00:00:00 GMT-0800 (Pacific Standard Time) -> (2)
Sat Dec 07 2025 00:00:00 GMT-0800 (Pacific Standard Time) -> (3)
Mon Dec 09 2025 00:00:00 GMT-0800 (Pacific Standard Time) -> (0)
Mon Dec 09 2025 00:00:00 GMT-0800 (Pacific Standard Time) -> (1)
Mon Dec 09 2025 00:00:00 GMT-0800 (Pacific Standard Time) -> (2)
Mon Dec 09 2025 00:00:00 GMT-0800 (Pacific Standard Time) -> (3)
Thu Dec 12 2025 00:00:00 GMT-0800 (Pacific Standard Time) -> (0)
Thu Dec 12 2025 00:00:00 GMT-0800 (Pacific Standard Time) -> (1)
Thu Dec 12 2025 00:00:00 GMT-0800 (Pacific Standard Time) -> (2)
Thu Dec 12 2025 00:00:00 GMT-0800 (Pacific Standard Time) -> (3)
Mon Dec 16 2025 00:00:00 GMT-0800 (Pacific Standard Time) -> (0)
Mon Dec 16 2025 00:00:00 GMT-0800 (Pacific Standard Time) -> (1)
Mon Dec 16 2025 00:00:00 GMT-0800 (Pacific Standard Time) -> (2)
Mon Dec 16 2025 00:00:00 GMT-0800 (Pacific Standard Time) -> (3)
Tue Dec 17 2025 00:00:00 GMT-0800 (Pacific Standard Time) -> (0)
Tue Dec 17 2025 00:00:00 GMT-0800 (Pacific Standard Time) -> (1)
Tue Dec 17 2025 00:00:00 GMT-0800 (Pacific Standard Time) -> (2)
Tue Dec 17 2025 00:00:00 GMT-0800 (Pacific Standard Time) -> (3)
Wed Dec 18 2025 00:00:00 GMT-0800 (Pacific Standard Time) -> (0)
Wed Dec 18 2025 00:00:00 GMT-0800 (Pacific Standard Time) -> (1)
Wed Dec 18 2025 00:00:00 GMT-0800 (Pacific Standard Time) -> (2)
Wed Dec 18 2025 00:00:00 GMT-0800 (Pacific Standard Time) -> (3)
Thu Dec 19 2025 00:00:00 GMT-0800 (Pacific Standard Time) -> (0)
Thu Dec 19 2025 00:00:00 GMT-0800 (Pacific Standard Time) -> (1)
Thu Dec 19 2025 00:00:00 GMT-0800 (Pacific Standard Time) -> (2)
Thu Dec 19 2025 00:00:00 GMT-0800 (Pacific Standard Time) -> (3)
Sun Jan 14 2024 00:00:00 GMT-0800 (Pacific Standard Time) -> (0)
Sun Jan 14 2024 00:00:00 GMT-0800 (Pacific Standard Time) -> (1)
Sun Jan 14 2024 00:00:00 GMT-0800 (Pacific Standard Time) -> (2)
Sun Jan 14 2024 00:00:00 GMT-0800 (Pacific Standard Time) -> (3)
Sun Jan 21 2024 00:00:00 GMT-0800 (Pacific Standard Time) -> (0)
Sun Jan 21 2024 00:00:00 GMT-0800 (Pacific Standard Time) -> (1)
Sun Jan 21 2024 00:00:00 GMT-0800 (Pacific Standard Time) -> (2)
Sun Jan 21 2024 00:00:00 GMT-0800 (Pacific Standard Time) -> (3)
Mon Jan 22 2024 00:00:00 GMT-0800 (Pacific Standard Time) -> (0)
Mon Jan 22 2024 00:00:00 GMT-0800 (Pacific Standard Time) -> (1)
Mon Jan 22 2024 00:00:00 GMT-0800 (Pacific Standard Time) -> (2)
Mon Jan 22 2024 00:00:00 GMT-0800 (Pacific Standard Time) -> (3)
Tue Jan 23 2024 00:00:00 GMT-0800 (Pacific Standard Time) -> (0)
Tue Jan 23 2024 00:00:00 GMT-0800 (Pacific Standard Time) -> (1)
Tue Jan 23 2024 00:00:00 GMT-0800 (Pacific Standard Time) -> (2)
Tue Jan 23 2024 00:00:00 GMT-0800 (Pacific Standard Time) -> (3)
Tue Jan 30 2024 00:00:00 GMT-0800 (Pacific Standard Time) -> (0)
Tue Jan 30 2024 00:00:00 GMT-0800 (Pacific Standard Time) -> (1)
Tue Jan 30 2024 00:00:00 GMT-0800 (Pacific Standard Time) -> (2)
Tue Jan 30 2024 00:00:00 GMT-0800 (Pacific Standard Time) -> (3)
Wed Jan 31 2024 00:00:00 GMT-0800 (Pacific Standard Time) -> (0)
Wed Jan 31 2024 00:00:00 GMT-0800 (Pacific Standard Time) -> (1)
Wed Jan 31 2024 00:00:00 GMT-0800 (Pacific Standard Time) -> (2)
Wed Jan 31 2024 00:00:00 GMT-0800 (Pacific Standard Time) -> (3)
Thu Feb 01 2024 00:00:00 GMT-0800 (Pacific Standard Time) -> (0)
Thu Feb 01 2024 00:00:00 GMT-0800 (Pacific Standard Time) -> (1)
Thu Feb 01 2024 00:00:00 GMT-0800 (Pacific Standard Time) -> (2)
Thu Feb 01 2024 00:00:00 GMT-0800 (Pacific Standard Time) -> (3)
Fri Feb 02 2024 00:00:00 GMT-0800 (Pacific Standard Time) -> (0)
Fri Feb 02 2024 00:00:00 GMT-0800 (Pacific Standard Time) -> (1)
Fri Feb 02 2024 00:00:00 GMT-0800 (Pacific Standard Time) -> (2)
Fri Feb 02 2024 00:00:00 GMT-0800 (Pacific Standard Time) -> (3)
Sat Feb 03 2024 00:00:00 GMT-0800 (Pacific Standard Time) -> (0)
Sat Feb 03 2024 00:00:00 GMT-0800 (Pacific Standard Time) -> (1)
Sat Feb 03 2024 00:00:00 GMT-0800 (Pacific Standard Time) -> (2)
Sat Feb 03 2024 00:00:00 GMT-0800 (Pacific Standard Time) -> (3)
Fri Feb 09 2024 00:00:00 GMT-0800 (Pacific Standard Time) -> (0)
Fri Feb 09 2024 00:00:00 GMT-0800 (Pacific Standard Time) -> (1)
Fri Feb 09 2024 00:00:00 GMT-0800 (Pacific Standard Time) -> (2)
Fri Feb 09 2024 00:00:00 GMT-0800 (Pacific Standard Time) -> (3)
Sat Feb 10 2024 00:00:00 GMT-0800 (Pacific Standard Time) -> (0)
Sat Feb 10 2024 00:00:00 GMT-0800 (Pacific Standard Time) -> (1)
Sat Feb 10 2024 00:00:00 GMT-0800 (Pacific Standard Time) -> (2)
Sat Feb 10 2024 00:00:00 GMT-0800 (Pacific Standard Time) -> (3)
Thu Feb 15 2024 00:00:00 GMT-0800 (Pacific Standard Time) -> (0)
Thu Feb 15 2024 00:00:00 GMT-0800 (Pacific Standard Time) -> (1)
Thu Feb 15 2024 00:00:00 GMT-0800 (Pacific Standard Time) -> (2)
Thu Feb 15 2024 00:00:00 GMT-0800 (Pacific Standard Time) -> (3)
Fri Feb 16 2024 00:00:00 GMT-0800 (Pacific Standard Time) -> (0)
Fri Feb 16 2024 00:00:00 GMT-0800 (Pacific Standard Time) -> (1)
Fri Feb 16 2024 00:00:00 GMT-0800 (Pacific Standard Time) -> (2)
Fri Feb 16 2024 00:00:00 GMT-0800 (Pacific Standard Time) -> (3)
Wed Feb 21 2024 00:00:00 GMT-0800 (Pacific Standard Time) -> (0)
Wed Feb 21 2024 00:00:00 GMT-0800 (Pacific Standard Time) -> (1)
Wed Feb 21 2024 00:00:00 GMT-0800 (Pacific Standard Time) -> (2)
Wed Feb 21 2024 00:00:00 GMT-0800 (Pacific Standard Time) -> (3)
Thu Feb 22 2024 00:00:00 GMT-0800 (Pacific Standard Time) -> (0)
Thu Feb 22 2024 00:00:00 GMT-0800 (Pacific Standard Time) -> (1)
Thu Feb 22 2024 00:00:00 GMT-0800 (Pacific Standard Time) -> (2)
Thu Feb 22 2024 00:00:00 GMT-0800 (Pacific Standard Time) -> (3)
Tue Feb 27 2024 00:00:00 GMT-0800 (Pacific Standard Time) -> (0)
Tue Feb 27 2024 00:00:00 GMT-0800 (Pacific Standard Time) -> (1)
Tue Feb 27 2024 00:00:00 GMT-0800 (Pacific Standard Time) -> (2)
Tue Feb 27 2024 00:00:00 GMT-0800 (Pacific Standard Time) -> (3)
Wed Feb 28 2024 00:00:00 GMT-0800 (Pacific Standard Time) -> (0)
Wed Feb 28 2024 00:00:00 GMT-0800 (Pacific Standard Time) -> (1)
Wed Feb 28 2024 00:00:00 GMT-0800 (Pacific Standard Time) -> (2)
Wed Feb 28 2024 00:00:00 GMT-0800 (Pacific Standard Time) -> (3)
Mon Mar 04 2024 00:00:00 GMT-0800 (Pacific Standard Time) -> (0)
Mon Mar 04 2024 00:00:00 GMT-0800 (Pacific Standard Time) -> (1)
Mon Mar 04 2024 00:00:00 GMT-0800 (Pacific Standard Time) -> (2)
Mon Mar 04 2024 00:00:00 GMT-0800 (Pacific Standard Time) -> (3)
Tue Mar 05 2024 00:00:00 GMT-0800 (Pacific Standard Time) -> (0)
Tue Mar 05 2024 00:00:00 GMT-0800 (Pacific Standard Time) -> (1)
Tue Mar 05 2024 00:00:00 GMT-0800 (Pacific Standard Time) -> (2)
Tue Mar 05 2024 00:00:00 GMT-0800 (Pacific Standard Time) -> (3)
Sun Mar 10 2024 00:00:00 GMT-0800 (Pacific Standard Time) -> (0)
Sun Mar 10 2024 00:00:00 GMT-0800 (Pacific Standard Time) -> (1)
Sun Mar 10 2024 00:00:00 GMT-0800 (Pacific Standard Time) -> (2)
Sun Mar 10 2024 00:00:00 GMT-0800 (Pacific Standard Time) -> (3)
Fri Mar 22 2024 00:00:00 GMT-0700 (Pacific Daylight Time) -> (0)
Fri Mar 22 2024 00:00:00 GMT-0700 (Pacific Daylight Time) -> (1)
Fri Mar 22 2024 00:00:00 GMT-0700 (Pacific Daylight Time) -> (2)
Fri Mar 22 2024 00:00:00 GMT-0700 (Pacific Daylight Time) -> (3)
Sat Mar 23 2024 00:00:00 GMT-0700 (Pacific Daylight Time) -> (0)
Sat Mar 23 2024 00:00:00 GMT-0700 (Pacific Daylight Time) -> (1)
Sat Mar 23 2024 00:00:00 GMT-0700 (Pacific Daylight Time) -> (2)
Sat Mar 23 2024 00:00:00 GMT-0700 (Pacific Daylight Time) -> (3)
Wed Mar 27 2024 00:00:00 GMT-0700 (Pacific Daylight Time) -> (0)
Wed Mar 27 2024 00:00:00 GMT-0700 (Pacific Daylight Time) -> (1)
Wed Mar 27 2024 00:00:00 GMT-0700 (Pacific Daylight Time) -> (2)
Wed Mar 27 2024 00:00:00 GMT-0700 (Pacific Daylight Time) -> (3)
Thu Mar 28 2024 00:00:00 GMT-0700 (Pacific Daylight Time) -> (0)
Thu Mar 28 2024 00:00:00 GMT-0700 (Pacific Daylight Time) -> (1)
Thu Mar 28 2024 00:00:00 GMT-0700 (Pacific Daylight Time) -> (2)
Thu Mar 28 2024 00:00:00 GMT-0700 (Pacific Daylight Time) -> (3)
Fri Mar 29 2024 00:00:00 GMT-0700 (Pacific Daylight Time) -> (0)
Fri Mar 29 2024 00:00:00 GMT-0700 (Pacific Daylight Time) -> (1)
Fri Mar 29 2024 00:00:00 GMT-0700 (Pacific Daylight Time) -> (2)
Fri Mar 29 2024 00:00:00 GMT-0700 (Pacific Daylight Time) -> (3)
Sun Mar 31 2024 00:00:00 GMT-0700 (Pacific Daylight Time) -> (0)
Sun Mar 31 2024 00:00:00 GMT-0700 (Pacific Daylight Time) -> (1)
Sun Mar 31 2024 00:00:00 GMT-0700 (Pacific Daylight Time) -> (2)
Sun Mar 31 2024 00:00:00 GMT-0700 (Pacific Daylight Time) -> (3)
Mon Apr 01 2024 00:00:00 GMT-0700 (Pacific Daylight Time) -> (0)
Mon Apr 01 2024 00:00:00 GMT-0700 (Pacific Daylight Time) -> (1)
Mon Apr 01 2024 00:00:00 GMT-0700 (Pacific Daylight Time) -> (2)
Mon Apr 01 2024 00:00:00 GMT-0700 (Pacific Daylight Time) -> (3)
Tue Apr 02 2024 00:00:00 GMT-0700 (Pacific Daylight Time) -> (0)
Tue Apr 02 2024 00:00:00 GMT-0700 (Pacific Daylight Time) -> (1)
Tue Apr 02 2024 00:00:00 GMT-0700 (Pacific Daylight Time) -> (2)
Tue Apr 02 2024 00:00:00 GMT-0700 (Pacific Daylight Time) -> (3)
Wed Apr 03 2024 00:00:00 GMT-0700 (Pacific Daylight Time) -> (0)
Wed Apr 03 2024 00:00:00 GMT-0700 (Pacific Daylight Time) -> (1)
Wed Apr 03 2024 00:00:00 GMT-0700 (Pacific Daylight Time) -> (2)
Wed Apr 03 2024 00:00:00 GMT-0700 (Pacific Daylight Time) -> (3)
Thu Apr 04 2024 00:00:00 GMT-0700 (Pacific Daylight Time) -> (0)
Thu Apr 04 2024 00:00:00 GMT-0700 (Pacific Daylight Time) -> (1)
Thu Apr 04 2024 00:00:00 GMT-0700 (Pacific Daylight Time) -> (2)
Thu Apr 04 2024 00:00:00 GMT-0700 (Pacific Daylight Time) -> (3)
Sun Apr 07 2024 00:00:00 GMT-0700 (Pacific Daylight Time) -> (0)
Sun Apr 07 2024 00:00:00 GMT-0700 (Pacific Daylight Time) -> (1)
Sun Apr 07 2024 00:00:00 GMT-0700 (Pacific Daylight Time) -> (2)
Sun Apr 07 2024 00:00:00 GMT-0700 (Pacific Daylight Time) -> (3)
Mon Apr 08 2024 00:00:00 GMT-0700 (Pacific Daylight Time) -> (0)
Mon Apr 08 2024 00:00:00 GMT-0700 (Pacific Daylight Time) -> (1)
Mon Apr 08 2024 00:00:00 GMT-0700 (Pacific Daylight Time) -> (2)
Mon Apr 08 2024 00:00:00 GMT-0700 (Pacific Daylight Time) -> (3)
Thu Apr 11 2024 00:00:00 GMT-0700 (Pacific Daylight Time) -> (0)
Thu Apr 11 2024 00:00:00 GMT-0700 (Pacific Daylight Time) -> (1)
Thu Apr 11 2024 00:00:00 GMT-0700 (Pacific Daylight Time) -> (2)
Thu Apr 11 2024 00:00:00 GMT-0700 (Pacific Daylight Time) -> (3)
Mon Apr 15 2024 00:00:00 GMT-0700 (Pacific Daylight Time) -> (0)
Mon Apr 15 2024 00:00:00 GMT-0700 (Pacific Daylight Time) -> (1)
Mon Apr 15 2024 00:00:00 GMT-0700 (Pacific Daylight Time) -> (2)
Mon Apr 15 2024 00:00:00 GMT-0700 (Pacific Daylight Time) -> (3)
Tue Apr 16 2024 00:00:00 GMT-0700 (Pacific Daylight Time) -> (0)
Tue Apr 16 2024 00:00:00 GMT-0700 (Pacific Daylight Time) -> (1)
Tue Apr 16 2024 00:00:00 GMT-0700 (Pacific Daylight Time) -> (2)
Tue Apr 16 2024 00:00:00 GMT-0700 (Pacific Daylight Time) -> (3)
Thu Apr 18 2024 00:00:00 GMT-0700 (Pacific Daylight Time) -> (0)
Thu Apr 18 2024 00:00:00 GMT-0700 (Pacific Daylight Time) -> (1)
Thu Apr 18 2024 00:00:00 GMT-0700 (Pacific Daylight Time) -> (2)
Thu Apr 18 2024 00:00:00 GMT-0700 (Pacific Daylight Time) -> (3)
Tue Apr 23 2024 00:00:00 GMT-0700 (Pacific Daylight Time) -> (0)
Tue Apr 23 2024 00:00:00 GMT-0700 (Pacific Daylight Time) -> (1)
Tue Apr 23 2024 00:00:00 GMT-0700 (Pacific Daylight Time) -> (2)
Tue Apr 23 2024 00:00:00 GMT-0700 (Pacific Daylight Time) -> (3)
Wed Apr 24 2024 00:00:00 GMT-0700 (Pacific Daylight Time) -> (0)
Wed Apr 24 2024 00:00:00 GMT-0700 (Pacific Daylight Time) -> (1)
Wed Apr 24 2024 00:00:00 GMT-0700 (Pacific Daylight Time) -> (2)
Wed Apr 24 2024 00:00:00 GMT-0700 (Pacific Daylight Time) -> (3)
Thu Apr 25 2024 00:00:00 GMT-0700 (Pacific Daylight Time) -> (0)
Thu Apr 25 2024 00:00:00 GMT-0700 (Pacific Daylight Time) -> (1)
Thu Apr 25 2024 00:00:00 GMT-0700 (Pacific Daylight Time) -> (2)
Thu Apr 25 2024 00:00:00 GMT-0700 (Pacific Daylight Time) -> (3)
Wed May 01 2024 00:00:00 GMT-0700 (Pacific Daylight Time) -> (0)
Wed May 01 2024 00:00:00 GMT-0700 (Pacific Daylight Time) -> (1)
Wed May 01 2024 00:00:00 GMT-0700 (Pacific Daylight Time) -> (2)
Wed May 01 2024 00:00:00 GMT-0700 (Pacific Daylight Time) -> (3)
Thu May 02 2024 00:00:00 GMT-0700 (Pacific Daylight Time) -> (0)
Thu May 02 2024 00:00:00 GMT-0700 (Pacific Daylight Time) -> (1)
Thu May 02 2024 00:00:00 GMT-0700 (Pacific Daylight Time) -> (2)
Thu May 02 2024 00:00:00 GMT-0700 (Pacific Daylight Time) -> (3)
Fri May 03 2024 00:00:00 GMT-0700 (Pacific Daylight Time) -> (0)
Fri May 03 2024 00:00:00 GMT-0700 (Pacific Daylight Time) -> (1)
Fri May 03 2024 00:00:00 GMT-0700 (Pacific Daylight Time) -> (2)
Fri May 03 2024 00:00:00 GMT-0700 (Pacific Daylight Time) -> (3)
Fri May 10 2024 00:00:00 GMT-0700 (Pacific Daylight Time) -> (0)
Fri May 10 2024 00:00:00 GMT-0700 (Pacific Daylight Time) -> (1)
Fri May 10 2024 00:00:00 GMT-0700 (Pacific Daylight Time) -> (2)
Fri May 10 2024 00:00:00 GMT-0700 (Pacific Daylight Time) -> (3)
Sat May 11 2024 00:00:00 GMT-0700 (Pacific Daylight Time) -> (0)
Sat May 11 2024 00:00:00 GMT-0700 (Pacific Daylight Time) -> (1)
Sat May 11 2024 00:00:00 GMT-0700 (Pacific Daylight Time) -> (2)
Sat May 11 2024 00:00:00 GMT-0700 (Pacific Daylight Time) -> (3)
Sat May 18 2024 00:00:00 GMT-0700 (Pacific Daylight Time) -> (0)
Sat May 18 2024 00:00:00 GMT-0700 (Pacific Daylight Time) -> (1)
Sat May 18 2024 00:00:00 GMT-0700 (Pacific Daylight Time) -> (2)
Sat May 18 2024 00:00:00 GMT-0700 (Pacific Daylight Time) -> (3)
Sun Jun 02 2024 00:00:00 GMT-0700 (Pacific Daylight Time) -> (0)
Sun Jun 02 2024 00:00:00 GMT-0700 (Pacific Daylight Time) -> (1)
Sun Jun 02 2024 00:00:00 GMT-0700 (Pacific Daylight Time) -> (2)
Sun Jun 02 2024 00:00:00 GMT-0700 (Pacific Daylight Time) -> (3)
Mon Jun 03 2024 00:00:00 GMT-0700 (Pacific Daylight Time) -> (0)
Mon Jun 03 2024 00:00:00 GMT-0700 (Pacific Daylight Time) -> (1)
Mon Jun 03 2024 00:00:00 GMT-0700 (Pacific Daylight Time) -> (2)
Mon Jun 03 2024 00:00:00 GMT-0700 (Pacific Daylight Time) -> (3)
Tue Jun 04 2024 00:00:00 GMT-0700 (Pacific Daylight Time) -> (0)
Tue Jun 04 2024 00:00:00 GMT-0700 (Pacific Daylight Time) -> (1)
Tue Jun 04 2024 00:00:00 GMT-0700 (Pacific Daylight Time) -> (2)
Tue Jun 04 2024 00:00:00 GMT-0700 (Pacific Daylight Time) -> (3)
Wed Jun 05 2024 00:00:00 GMT-0700 (Pacific Daylight Time) -> (0)
Wed Jun 05 2024 00:00:00 GMT-0700 (Pacific Daylight Time) -> (1)
Wed Jun 05 2024 00:00:00 GMT-0700 (Pacific Daylight Time) -> (2)
Wed Jun 05 2024 00:00:00 GMT-0700 (Pacific Daylight Time) -> (3)
Thu Jun 06 2024 00:00:00 GMT-0700 (Pacific Daylight Time) -> (0)
Thu Jun 06 2024 00:00:00 GMT-0700 (Pacific Daylight Time) -> (1)
Thu Jun 06 2024 00:00:00 GMT-0700 (Pacific Daylight Time) -> (2)
Thu Jun 06 2024 00:00:00 GMT-0700 (Pacific Daylight Time) -> (3)
Fri Jun 07 2024 00:00:00 GMT-0700 (Pacific Daylight Time) -> (0)
Fri Jun 07 2024 00:00:00 GMT-0700 (Pacific Daylight Time) -> (1)
Fri Jun 07 2024 00:00:00 GMT-0700 (Pacific Daylight Time) -> (2)
Fri Jun 07 2024 00:00:00 GMT-0700 (Pacific Daylight Time) -> (3)
Sat Jun 08 2024 00:00:00 GMT-0700 (Pacific Daylight Time) -> (0)
Sat Jun 08 2024 00:00:00 GMT-0700 (Pacific Daylight Time) -> (1)
Sat Jun 08 2024 00:00:00 GMT-0700 (Pacific Daylight Time) -> (2)
Sat Jun 08 2024 00:00:00 GMT-0700 (Pacific Daylight Time) -> (3)
Sat Jun 15 2024 00:00:00 GMT-0700 (Pacific Daylight Time) -> (0)
Sat Jun 15 2024 00:00:00 GMT-0700 (Pacific Daylight Time) -> (1)
Sat Jun 15 2024 00:00:00 GMT-0700 (Pacific Daylight Time) -> (2)
Sat Jun 15 2024 00:00:00 GMT-0700 (Pacific Daylight Time) -> (3)
Sat Jun 22 2024 00:00:00 GMT-0700 (Pacific Daylight Time) -> (0)
Sat Jun 22 2024 00:00:00 GMT-0700 (Pacific Daylight Time) -> (1)
Sat Jun 22 2024 00:00:00 GMT-0700 (Pacific Daylight Time) -> (2)
Sat Jun 22 2024 00:00:00 GMT-0700 (Pacific Daylight Time) -> (3)
Sat Jun 29 2024 00:00:00 GMT-0700 (Pacific Daylight Time) -> (0)
Sat Jun 29 2024 00:00:00 GMT-0700 (Pacific Daylight Time) -> (1)
Sat Jun 29 2024 00:00:00 GMT-0700 (Pacific Daylight Time) -> (2)
Sat Jun 29 2024 00:00:00 GMT-0700 (Pacific Daylight Time) -> (3)
Sat Jul 06 2024 00:00:00 GMT-0700 (Pacific Daylight Time) -> (0)
Sat Jul 06 2024 00:00:00 GMT-0700 (Pacific Daylight Time) -> (1)
Sat Jul 06 2024 00:00:00 GMT-0700 (Pacific Daylight Time) -> (2)
Sat Jul 06 2024 00:00:00 GMT-0700 (Pacific Daylight Time) -> (3)
Sun Jul 28 2024 00:00:00 GMT-0700 (Pacific Daylight Time) -> (0)
Sun Jul 28 2024 00:00:00 GMT-0700 (Pacific Daylight Time) -> (1)
Sun Jul 28 2024 00:00:00 GMT-0700 (Pacific Daylight Time) -> (2)
Sun Jul 28 2024 00:00:00 GMT-0700 (Pacific Daylight Time) -> (3)
Mon Jul 29 2024 00:00:00 GMT-0700 (Pacific Daylight Time) -> (0)
Mon Jul 29 2024 00:00:00 GMT-0700 (Pacific Daylight Time) -> (1)
Mon Jul 29 2024 00:00:00 GMT-0700 (Pacific Daylight Time) -> (2)
Mon Jul 29 2024 00:00:00 GMT-0700 (Pacific Daylight Time) -> (3)
Tue Jul 30 2024 00:00:00 GMT-0700 (Pacific Daylight Time) -> (0)
Tue Jul 30 2024 00:00:00 GMT-0700 (Pacific Daylight Time) -> (1)
Tue Jul 30 2024 00:00:00 GMT-0700 (Pacific Daylight Time) -> (2)
Tue Jul 30 2024 00:00:00 GMT-0700 (Pacific Daylight Time) -> (3)
Wed Jul 31 2024 00:00:00 GMT-0700 (Pacific Daylight Time) -> (0)
Wed Jul 31 2024 00:00:00 GMT-0700 (Pacific Daylight Time) -> (1)
Wed Jul 31 2024 00:00:00 GMT-0700 (Pacific Daylight Time) -> (2)
Wed Jul 31 2024 00:00:00 GMT-0700 (Pacific Daylight Time) -> (3)
Thu Aug 01 2024 00:00:00 GMT-0700 (Pacific Daylight Time) -> (0)
Thu Aug 01 2024 00:00:00 GMT-0700 (Pacific Daylight Time) -> (1)
Thu Aug 01 2024 00:00:00 GMT-0700 (Pacific Daylight Time) -> (2)
Thu Aug 01 2024 00:00:00 GMT-0700 (Pacific Daylight Time) -> (3)
Fri Aug 02 2024 00:00:00 GMT-0700 (Pacific Daylight Time) -> (0)
Fri Aug 02 2024 00:00:00 GMT-0700 (Pacific Daylight Time) -> (1)
Fri Aug 02 2024 00:00:00 GMT-0700 (Pacific Daylight Time) -> (2)
Fri Aug 02 2024 00:00:00 GMT-0700 (Pacific Daylight Time) -> (3)
Sat Aug 03 2024 00:00:00 GMT-0700 (Pacific Daylight Time) -> (0)
Sat Aug 03 2024 00:00:00 GMT-0700 (Pacific Daylight Time) -> (1)
Sat Aug 03 2024 00:00:00 GMT-0700 (Pacific Daylight Time) -> (2)
Sat Aug 03 2024 00:00:00 GMT-0700 (Pacific Daylight Time) -> (3)
Sun Aug 04 2024 00:00:00 GMT-0700 (Pacific Daylight Time) -> (0)
Sun Aug 04 2024 00:00:00 GMT-0700 (Pacific Daylight Time) -> (1)
Sun Aug 04 2024 00:00:00 GMT-0700 (Pacific Daylight Time) -> (2)
Sun Aug 04 2024 00:00:00 GMT-0700 (Pacific Daylight Time) -> (3)
Wed Aug 07 2024 00:00:00 GMT-0700 (Pacific Daylight Time) -> (0)
Wed Aug 07 2024 00:00:00 GMT-0700 (Pacific Daylight Time) -> (1)
Wed Aug 07 2024 00:00:00 GMT-0700 (Pacific Daylight Time) -> (2)
Wed Aug 07 2024 00:00:00 GMT-0700 (Pacific Daylight Time) -> (3)
Sat Aug 10 2024 00:00:00 GMT-0700 (Pacific Daylight Time) -> (0)
Sat Aug 10 2024 00:00:00 GMT-0700 (Pacific Daylight Time) -> (1)
Sat Aug 10 2024 00:00:00 GMT-0700 (Pacific Daylight Time) -> (2)
Sat Aug 10 2024 00:00:00 GMT-0700 (Pacific Daylight Time) -> (3)
Sun Aug 11 2024 00:00:00 GMT-0700 (Pacific Daylight Time) -> (0)
Sun Aug 11 2024 00:00:00 GMT-0700 (Pacific Daylight Time) -> (1)
Sun Aug 11 2024 00:00:00 GMT-0700 (Pacific Daylight Time) -> (2)
